R_610nm,S_680nm,T_730nm,U_760nm,V_810nm,W_860nm,DATE,location,weight,height,HU
5847.977539,8677.007813,11722.86621,14231.49316,31323.66797,29913.08594,2,bot,62.38,0.7,82.7666
4498.852539,7732.019043,11355.43262,13576.45605,31734.97461,29063.5332,2,bot,61.62,0.8,88.9867
4902.527832,8092.478516,11216.4873,13591.55762,30929.45703,29417.30859,2,bot,60,0.8,89.4133
4497.524902,7803.461426,11101.21387,13731.24805,33529.03516,31883.95117,2,bot,60,0.9,94.629
5484.138672,8531.958008,11370.87109,13888.87305,30386.41211,28551.8418,2,bot,61.19,0.96,97.2217
4987.512207,8525.462891,11317.35156,13776.55371,28643.63867,27330.15039,2,bot,59.54,0.9,94.7369
5381.89209,8819.892578,11779.47363,14435.36621,32122.14648,30494.55273,2,bot,59.53,0.8,89.5377
5324.792969,8564.431641,11544.80957,14238.10059,33192.14844,32039.41797,2,bot,58.31,0.97,98.3086
5506.712402,8004.799316,10874.78516,13115.85254,33122.75781,31078.4668,2,bot,63.89,0.98,97.5655
4923.773926,8648.863281,11728.01172,14278.68652,31171.81641,29898.39648,2,bot,62.57,0.98,97.8443
4712.641113,8399.897461,12121.17578,14836.50586,32934.70313,30932.79492,2,bot,63.52,0.94,95.7695
5270.350098,8494.071289,11574.65723,13992.69727,29532.62305,27847.96289,2,bot,59.07,0.9,94.8475
5041.955078,8658.605469,11573.62793,13888.87305,30673.01953,29024.36133,2,bot,61.15,0.8,89.1102
3958.406006,7970.160156,11543.78125,13925.68262,30034.4375,27818.58203,2,bot,60.15,0.9,94.5939
4680.771973,8040.520508,11177.37695,13716.14648,30870.125,29305.91211,2,bot,64,0.9,93.7007
5105.693359,8102.220703,12124.26367,14376.84766,30125.95117,27534.58203,2,bot,59.65,0.97,98.0159
4870.658691,8306.805664,11596.27148,14004.02344,30621.73242,28609.37695,2,bot,61.4,0.98,98.0931
5088.430664,7739.596191,11473.79395,13578.34375,29557.76563,26591.99414,2,bot,61.41,0.98,98.091
5103.037598,8507.060547,11581.8623,13865.27637,31643.46094,29294.89453,2,bot,63.08,0.92,94.9006
4618.361816,7384.548828,11226.7793,13264.98242,27913.54297,25465.78516,2,bot,60.45,0.98,98.2962
4879.953613,8231.033203,10949.91797,13550.97168,31003.875,30184.8457,3,bot,60.64,0.98,98.2555
6033.880371,8270.001953,11366.75391,13635.91895,32700.38867,30429.67383,3,bot,60.76,0.8,89.2128
4498.852539,7715.782227,11133.12012,13362.2002,30276.79688,28236.01367,3,bot,62.4,0.9,94.0699
4687.411621,7696.297852,11589.06641,13840.73633,32144.26953,29880.03516,3,bot,60.37,0.8,89.3156
5136.234375,7656.246582,10720.40137,12987.48828,29222.88672,27861.42773,3,bot,61.85,0.8,88.9263
4425.819336,8117.375,11413.06934,14024.78809,29829.28711,28737.91211,3,bot,59.86,0.9,94.6618
5485.466309,8675.924805,11995.61035,14394.78027,31113.49023,29271.63672,3,bot,59.51,0.8,89.543
4509.475586,7769.905273,10859.34668,13093.2002,27612.85742,25970.13086,3,bot,59.76,0.8,89.4768
4913.150879,7890.058105,11334.84863,13604.77148,32207.625,30227.68945,3,bot,57.88,0.98,98.8512
4297.015137,7769.905273,10799.65137,13563.24121,31975.32227,31352.67578,3,bot,60.71,0.95,96.8621
5408.449707,8782.005859,11812.4082,14467.45801,33244.44141,32081.03906,3,bot,60.83,0.8,89.1944
5562.483398,8903.242188,11853.57715,14256.97754,31226.12109,29851.87891,3,bot,62.14,0.84,91.0399
5849.305176,8936.797852,12239.53613,14527.86426,31604.24219,29456.48242,3,bot,60.94,0.85,91.8664
5611.614746,8569.84375,11220.60449,13666.12207,29476.30859,28494.30859,3,bot,58.14,0.76,87.658
4911.822754,8170.415527,10880.95996,13178.14746,32119.12891,30911.98438,3,bot,59.31,0.96,97.6337
5800.173828,8711.646484,11711.54395,14188.0752,33573.28516,32249.96875,3,bot,60.28,0.85,92.0299
5910.387695,8163.920898,10867.58008,12945.01465,31525.80273,29746.60352,3,bot,62.64,0.82,89.8314
5234.497559,8224.539063,11207.22461,13348.98535,32034.65625,30030.60352,3,bot,60.42,0.97,97.8487
5407.121582,8467.009766,11209.2832,13724.6416,32720.50195,31497.12305,3,bot,60.91,0.99,98.6481
6541.129883,8339.279297,11466.58887,13640.6377,34484.39453,31984.33203,3,bot,63.77,0.86,91.6999
4613.050293,7253.571289,10669.96973,12803.43555,35099.84375,33420.24609,4,bot,58.07,0.73,85.912
5112.33252,7350.992676,10730.69336,12914.81055,33798.54688,32256.08984,4,bot,59.39,0.78,88.4562
4834.806152,8054.592285,11461.44336,13683.11133,35104.875,33137.47266,4,bot,60.7,0.75,86.3527
5464.220215,7886.811035,11626.11914,13706.70801,35992.85547,32982.00391,4,bot,60.48,0.82,90.3842
6029.896484,8863.19043,12170.57813,14435.36621,35813.85156,33859.71484,4,bot,59.59,0.87,93.2286
4794.969727,8024.283203,11485.11523,13843.56738,35485.00391,33796.05859,4,bot,62.65,0.71,83.3277
5284.957031,7716.864258,10597.92383,12742.08496,34830.33594,33479.00781,4,bot,63.53,0.82,89.6051
4585.164551,8289.486328,11299.85449,13731.24805,33535.07031,31986.7793,4,bot,59.33,0.7,83.6879
5996.699707,8299.228516,11704.33984,13691.60645,34563.83984,31700.33008,4,bot,62.21,0.8,88.832
6675.245605,8534.12207,11850.48926,13928.51465,36127.60938,33851.14453,4,bot,60.61,0.77,87.5507
5612.942871,8300.310547,10858.31738,13220.62109,32638.03906,31482.43359,4,bot,61.63,0.74,85.489
4878.625977,7906.294922,11331.76074,13475.46289,33161.97656,31251.07031,4,bot,59,0.73,85.6405
5003.446777,7935.521484,11140.3252,13225.34082,34144.48828,31843.55469,4,bot,61.56,0.8,89.0024
4960.95459,8117.375,11413.06934,13730.30469,35330.13672,32993.02344,4,bot,60.66,0.7,83.2849
5108.349121,8888.086914,12055.30566,14918.62207,35875.19531,35863.63281,4,bot,59.33,0.78,88.4725
6142.766602,7737.431152,11241.18848,13169.65234,35964.69531,33017.50391,4,bot,61.56,0.85,91.7133
4713.969238,6388.685059,9457.542969,11100.71582,33299.75,30343.98438,4,bot,59.76,0.72,84.8076
6197.209473,8544.947266,11438.7998,13763.33984,35423.66016,33743.42188,4,bot,60.16,0.84,91.5351
4850.740723,7724.441895,11224.72168,13544.36426,33851.84766,31704.00391,4,bot,58.8,0.8,89.7313
5172.086914,8156.34375,11279.27051,13677.44824,34494.44922,33414.125,4,bo,59.77,0.78,88.353
5173.415039,7093.366699,10295.33203,11994.5498,32179.4668,29299.79297,5,bot,58.76,0.76,87.48425
5077.807617,6771.875977,9836.297852,11493.36035,32067.8418,29436.89648,5,bot,58.38,0.74,86.41919
4484.246094,6806.514648,10345.76367,12205.0293,33660.77344,31596.2793,5,bot,59.03,0.69,83.14343
4797.625488,6239.305176,9230.083984,10968.5752,30943.53711,28688.94531,5,bot,58.24,0.66,81.43422
5859.928223,7204.860352,10442.51074,12308.85449,34953.02344,32346.67578,5,bot,59.61,0.75,86.66025
5052.578125,6824.916504,10187.2627,11904.88281,33541.10547,30394.17383,5,bot,59.87,0.61,77.39987
5044.61084,6993.780762,10324.15039,12155.00488,34271.19922,31449.38281,5,bot,57.14,0.69,83.72848
4124.391113,6352.963379,9866.145508,11814.27246,34733.79297,32584.16016,5,bot,61.81,0.72,84.20592
5546.548828,7535.01123,10381.78613,12403.24023,32722.51367,30875.25977,5,bot,62.54,0.61,76.47102
5704.566406,7040.326172,10401.3418,12251.27832,35078.72656,32314.84961,5,bot,58.07,0.74,86.50855
5979.4375,7489.547852,10835.6748,12978.99316,34855.47656,32956.29688,5,bot,59.17,0.65,80.45793
4785.674316,7302.281738,10639.09277,12962.00391,32811.00781,31404.08789,5,bot,59.87,0.73,85.38748
5967.486328,7640.009766,11028.13965,12806.26758,33525.01563,30684.29492,5,bot,60,0.78,88.29057
5561.155762,7220.014648,10709.08008,12676.95898,34757.92969,32284.24609,5,bot,57.79,0.74,86.58936
5587.712891,7033.831543,10060.66895,11736.87598,32496.24414,30368.4668,5,bot,59.59,0.7,83.60894
6199.865234,7459.23877,10592.77734,12223.90723,33793.51953,30763.86328,5,bot,60,0.72,84.7369
5176.070801,6854.143066,10442.51074,12354.15918,33697.98438,31324.51953,5,bot,59.24,0.8,89.61451
5781.583496,7584.804199,11415.12793,13562.29785,37285.10156,34116.78125,5,bot,60.29,0.82,90.43309
5964.830566,7387.796387,10660.70605,12719.43262,31749.05469,29971.8457,5,bot,57.96,0.73,85.94413
5542.56543,7905.212891,11071.36719,13284.80371,34449.19531,32493.57422,5,bot,60.76,0.72,84.51352
4772.395508,6534.816895,9772.485352,11550.93555,33549.14844,30467.62109,6,bot,59.25,0.6,76.8831
4371.376465,5743.538086,8596.082031,10288.99805,30850.01172,29824.94727,6,bot,60.45,0.52,70.0296
6369.833496,7597.793945,10528.96582,12344.7207,33675.85938,30855.67383,6,bot,58.74,0.58,75.5661
4789.658203,7198.365723,10217.11035,12255.05371,34452.21484,32662.50391,6,bot,61.75,0.6,75.997
4497.524902,6441.725586,9712.791016,11773.68652,35047.55078,33568.36719,6,bot,61.22,0.63,78.3824
4274.441406,7044.65625,10393.1084,12519.33398,35553.39063,34360.38672,6,bot,63.14,0.67,80.5457
5573.106445,7460.321289,10754.36523,12708.10645,36534.89453,34012.73047,6,bot,59.16,0.66,81.137
5022.036621,7527.433594,10684.37891,12613.7207,34670.4375,32352.79688,6,bot,61.51,0.78,87.8823
7953.992676,8274.332031,11267.94824,13234.7793,37093.02344,34623.57813,6,bot,58.88,0.52,70.6754
6158.700684,7795.884277,10936.53809,12937.46387,34229.96875,31669.72656,6,bot,58.59,0.64,79.9647
4752.477539,6978.625977,10013.32422,12046.46191,34099.23438,32638.02148,6,bot,58.59,0.64,79.9647
5047.266602,7778.564941,10691.58301,12848.74121,33196.16797,31408.98633,6,bot,60.4,0.75,86.4372
5047.266602,7098.779297,10491.91309,12537.26758,33278.63281,30970.74414,6,bot,58.74,0.73,85.7163
4764.428223,7315.271484,10632.91699,12750.58008,33466.6875,31745.62305,6,bot,59.5,0.74,86.0973
6515.900391,7536.093262,10585.57324,12443.82617,35714.29297,33431.26563,6,bot,58.34,0.68,82.7147
5623.565918,7878.151367,11186.63965,13332.94043,35891.28516,33826.66016,6,bot,62.14,0.66,80.1799
5586.385254,7516.609375,10995.2041,12797.77246,35972.74219,32830.21094,6,bot,58.86,0.6,77.0218
5814.780273,7831.605469,11308.08887,13301.79297,36221.13281,33521.85156,6,bot,58.86,0.68,82.5517
4822.85498,6541.312012,10130.65527,12076.66504,34435.11719,31893.74414,6,bot,60,0.68,82.1952
6044.503418,7822.945801,11166.05566,13193.24902,34950.00391,32793.48828,6,bot,60.9,0.71,83.847
4952.987305,6585.692871,10448.68652,12506.12012,36986.42578,34179.21484,7,bot,58.44,0.65,80.6974
5644.812012,7017.594727,10242.84082,12189.92773,33479.76172,31358.79492,7,bot,58.14,0.61,78.0049
4871.986328,6566.208496,10393.1084,12508.00781,34957.04297,32488.67773,7,bot,59.88,0.62,78.1211
5205.28418,6761.05127,10599.98242,12689.22852,36631.43359,33892.76563,7,bot,58.19,0.64,80.0982
5597.008301,6570.538086,10102.86621,11933.19824,33425.45703,30433.3457,7,bot,57.18,0.67,82.4336
4990.167969,6084.513184,9528.55957,11389.53613,31958.22656,29567.87891,7,bot,58.69,0.69,83.2484
5481.48291,6669.041992,10303.56543,12336.22559,35186.33203,32525.40039,7,bot,59.04,0.6,76.9578
5161.463867,6758.886719,10341.64648,12375.86816,35033.47266,32696.78125,7,bot,59.04,0.73,85.6289
5829.387207,6761.05127,9871.291016,11752.92188,33864.92188,32223.03906,7,bot,58.76,0.67,81.9295
5855.944824,6580.280273,9918.635742,11739.70801,35059.62109,32387.07422,7,bot,59.53,0.67,81.6849
4910.495117,5882.093262,9120.986328,10775.08496,32652.11914,30219.12109,7,bot,61.73,0.65,79.6223
6217.127441,7336.920898,10941.68457,12842.13379,33922.24219,31290.24414,7,bot,60,0.6,76.6167
4917.134277,6155.955566,9559.436523,11314.97168,31804.36328,28873.79102,7,bot,59.11,0.68,82.4734
5523.975098,7516.609375,10589.68945,12939.35156,34036.88281,33332.10938,7,bot,60,0.69,82.8447
5565.13916,7398.621094,10668.94043,12726.03906,33707.03516,31477.53711,7,bot,60.49,0.64,79.3329
5778.927734,6979.708496,10624.68359,12593.89941,35108.89453,32759.21094,7,bot,60.32,0.6,76.5032
4684.755859,6509.92041,10273.71777,12453.26465,35184.32031,33595.30078,7,bot,58.65,0.68,82.6175
6333.980957,7231.921875,10835.6748,12942.18262,35744.46094,33367.60938,7,bot,58.32,0.72,85.233
4431.130859,6789.195313,10926.24609,13226.28418,36150.73828,33530.42188,7,bot,61.19,0.64,79.101
4380.671387,6223.068359,10081.25293,12118.19434,35871.17188,32986.90234,7,bot,58.7,0.58,75.5808
4599.771484,6388.685059,9656.183594,11511.29395,29898.67578,28032.80664,8,bot,59.12,0.55,73.069
4881.281738,6549.97168,9770.426758,11619.83789,32928.66797,30668.38086,8,bot,59.7,0.57,74.4373
4787.002441,7089.037109,10377.66992,12329.61914,33945.37109,31723.58984,8,bot,59.2,0.51,69.6794
4133.686035,6258.789551,8918.229492,10817.55859,27764.70898,26678.9082,8,bot,59.47,0.58,75.2973
4696.706543,6303.17041,9206.412109,10857.2002,29379.76563,27435.42578,8,bot,58.65,0.53,71.6132
4541.344727,6420.076172,9392.702148,11174.33691,30637.82227,28953.36133,8,bot,57.55,0.53,72.0579
4115.095703,6466.62207,9320.65625,11145.07715,31214.05273,29564.20703,8,bot,60.15,0.55,72.6691
4254.522949,6355.128418,8998.508789,10865.69531,30314.00586,28660.79102,8,bot,58.66,0.56,74.0446
4339.507324,6354.045898,9294.925781,11031.81445,29616.0918,27896.92773,8,bot,60.3,0.6,76.5103
4327.556152,6449.302734,9766.310547,11848.25098,34527.63672,32773.90234,8,bot,60.39,0.68,82.0736
4846.756836,7673.565918,10620.56641,12982.76855,33615.51953,32372.38281,8,bot,59.42,0.6,76.8227
5292.924316,7654.081543,10960.21094,12839.30273,33419.42188,30958.50195,8,bot,54.64,0.68,83.8841
5604.975586,8026.448242,11246.33496,13320.66992,34247.0625,32243.84961,8,bot,60.86,0.66,80.59
6776.164551,7685.473145,10864.49316,12589.17969,34390.87109,30727.13867,8,bot,56.92,0.64,80.5231
5344.711426,7612.948242,11196.93262,13293.29785,35446.79297,32865.71094,8,bot,58.81,0.62,78.4889
5832.042969,7307.694336,10556.75488,12495.73828,35266.78125,32696.78125,8,bot,59.44,0.58,75.3084
4817.543457,6882.287109,10020.52832,11825.59863,34309.41406,31612.19336,8,bot,58.37,0.62,78.6404
5533.27002,6540.229492,9060.262695,10632.5625,33096.60938,30508.01758,8,bot,60.26,0.65,80.1014
5132.250977,7471.145996,10637.03418,12535.37988,34237.00781,32093.2793,8,bot,62.23,0.57,73.4926
5255.743652,7411.610352,10967.41504,13140.39355,36056.21094,33896.4375,8,bot,60,0.67,81.5359
6555.736816,8087.065918,11607.59277,13598.16406,35022.41016,32358.91797,9,bot,60,0.42,60.6026
5008.758301,7884.645996,11204.13672,13595.33301,32478.14258,30639.00195,9,bot,57.84,0.38,57.2976
4987.512207,7452.744141,11959.58789,14333.42969,37098.05078,34097.19531,9,bot,58.43,0.4,59.2421
5195.98877,7649.751953,10771.8623,12943.12695,30909.34375,29259.39453,9,bot,58.05,0.45,64.6469
4894.560547,7150.737305,11320.43945,13499.05957,35196.38672,32472.76367,9,bot,59.78,0.47,65.7744
4731.231445,7924.696777,11101.21387,13871.88281,36006.93359,35808.54297,9,bot,54.74,0.46,67.1619
5048.594238,7772.069824,10539.25781,12840.24609,32789.89063,31868.03711,9,bot,59.46,0.5,68.6862
4837.461914,7176.716309,10537.19922,12706.21875,32602.8418,31170.27734,9,bot,59.22,0.48,66.9693
5401.810059,6794.60791,10047.28809,11894.5,33757.31641,31281.67383,9,bot,59.39,0.5,68.7162
4979.544922,7549.083008,10371.49414,12716.60059,31329.70117,30473.74219,9,bot,61.43,0.52,69.627
4760.444824,7807.791016,10526.90723,13154.55078,31541.89258,31204.55469,9,bot,59.68,0.6,76.7303
4311.621582,7682.225586,10627.77148,13008.25293,32154.32617,31235.1582,9,bot,57.92,0.5,69.3463
4846.756836,7217.850098,10720.40137,12922.3623,31886.82617,30510.4668,9,bot,60.37,0.53,70.9193
5416.416992,8126.034668,11329.70215,13630.25586,32150.30469,30754.07031,9,bot,58.19,0.45,64.58
5454.925293,7370.477051,10446.62793,12543.875,32076.89258,30571.67383,9,bot,59.76,0.78,88.3557
5010.085938,7345.580566,10508.38086,12799.66016,31766.15039,30620.63867,9,bot,59.84,0.57,74.385
6133.471191,7843.512207,11131.06152,13238.55469,33757.31641,31969.64063,9,bot,58.28,0.6,77.2283
4812.231934,7170.22168,10658.64746,12966.72363,32597.81445,31024.60547,9,bot,59.13,0.56,73.8652
5384.547852,7663.82373,10947.86035,13492.45215,33036.27344,31917.00391,9,bot,61.17,0.6,76.2021
4970.249512,7756.915527,11303.97168,13903.97461,33052.36328,31762.76172,9,bot,58.74,0.51,69.8726
5308.85840,6895.27637,9917.60645,11742.53906,33301.76172,30896.07031,10,bot,57.88,0.44,63.7384
4184.14551,5951.37061,9840.41406,12016.25781,35108.89453,32970.98828,10,bot,58.65,0.48,67.2240
4117.75146,5613.64258,9389.61426,11428.23438,34555.79297,32216.91797,10,bot,56.42,0.45,65.4248
5587.71289,7317.43652,11013.73047,13148.88770,36233.20313,34058.02344,10,bot,57.56,0.41,60.7946
5041.95508,6332.39697,10199.61328,12123.85742,36029.05859,33395.76563,10,bot,57.56,0.42,61.8528
5270.35010,6914.76074,10667.91113,12798.71680,35424.66797,33005.26563,10,bot,58.04,0.46,65.6208
4788.33008,6860.63770,9461.66016,11529.22754,29094.16406,28451.46289,10,bot,58.58,0.45,64.3939
5323.46533,7183.21143,11065.19141,13315.95117,35309.01953,33423.91797,10,bot,59.26,0.42,60.9821
4362.08105,6198.17188,10060.66895,12107.81250,33799.55469,31506.91602,10,bot,59.14,0.41,59.9654
5304.87500,6874.70996,10910.80762,13127.17871,36484.61328,34361.60938,10,bot,56.93,0.43,63.2005
4352.78613,6632.23877,10014.35352,12165.38770,32941.74219,31580.36523,10,bot,58.85,0.45,64.2650
4802.93701,6919.09082,9863.05762,11919.98438,31966.27148,31210.67383,10,bot,58.59,0.56,74.0714
4914.47852,7373.72412,10872.72656,13148.88770,33198.17969,31390.62305,10,bot,60.00,0.55,72.7273
4818.87158,6821.66943,10453.83203,12511.78320,33894.08203,31601.17578,10,bot,59.87,0.55,72.7777
4607.73877,6410.33398,10164.62012,12081.38477,35086.77344,32290.36523,10,bot,58.07,0.5,69.2819
5162.79199,6680.94922,10687.46582,12571.24707,33605.46484,31044.19141,10,bot,57.62,0.56,74.4422
4628.98486,6468.78711,10221.22754,12247.50293,32464.06445,30602.27734,10,bot,57.29,0.52,71.3307
5926.32227,7382.38379,11159.87988,13294.24219,35984.80859,33432.48828,10,bot,59.52,0.52,70.4120
4437.77002,6258.78955,9509.00391,11528.28320,31465.46289,30309.70703,10,bot,57.53,0.57,75.2513
4949.00342,7255.73584,11330.73145,13705.76367,34446.17969,32800.83203,10,bot,58.95,0.5,68.9047
5808.14111,7095.53174,10668.94043,12536.32422,33257.51172,30817.72656,11,bot,57.93,0.45,64.7041
4439.09814,6372.44775,10010.23633,12000.21289,35115.93750,32178.96875,11,bot,57.93,0.52,71.0668
5133.57861,7196.20068,10507.35156,12563.69531,34528.64063,32345.45313,11,bot,59.36,0.48,66.9068
5415.08887,7697.38037,11275.15332,13384.85254,35068.67188,32771.45313,11,bot,57.40,0.53,72.1186
5357.99023,7218.93262,10774.95020,12829.86426,35056.60156,33045.66016,11,bot,60.97,0.46,64.2531
5154.82471,7394.29102,10542.34570,12718.48828,34204.82813,32959.97266,11,bot,58.38,0.42,61.4330
5602.31982,7729.85400,10554.69629,12558.03223,32774.80469,30733.25977,11,bot,57.44,0.52,71.2689
5326.12109,7431.09473,10592.77734,12544.81836,33798.54688,32044.31445,11,bot,60.78,0.46,64.3418
4809.57617,7280.63281,10450.74414,12576.91016,34227.95703,32258.53906,11,bot,58.36,0.5,69.1576
4806.92041,7184.29346,10515.58594,12683.56543,34928.88672,33494.92188,11,bot,59.24,0.5,68.7804
5749.71436,7468.98096,10507.35156,12375.86816,33282.65625,30963.39844,11,bot,58.99,0.49,67.9893
5401.81006,7118.26367,9802.33301,11692.51465,31189.91797,29425.87891,11,bot,58.99,0.55,73.1196
4716.62500,7042.49121,9993.76855,11983.22266,31704.80664,29902.06836,11,bot,58.19,0.47,66.5004
5725.81250,8471.33984,11517.02051,13974.76367,34279.24219,32873.05859,11,bot,58.19,0.5,69.2305
5812.12451,7580.47461,10816.11914,13175.31543,35033.47266,33803.40234,11,bot,56.36,0.47,67.3364
5966.15869,7569.64990,10914.92480,12955.39648,36094.42188,33947.85156,11,bot,59.87,0.52,70.2681
5611.61475,6968.88379,10266.51367,12106.86816,34115.32422,31377.15820,11,bot,59.84,0.57,74.3850
5589.04102,7384.54883,10438.39355,12466.47852,33890.06250,31710.12305,11,bot,59.68,0.52,70.3462
4764.42822,7060.89307,10292.24414,12474.97266,33460.65234,31768.88281,11,bot,58.29,0.57,74.9658
4672.80469,6551.05420,9847.61914,11741.59570,34147.50391,32084.71094,11,bot,58.00,0.52,71.0379
5320.80957,6714.50537,10066.84375,11873.73535,34798.15234,32131.22852,12,bot,59.36,0.44,63.0156
5895.78076,6352.96338,9794.09961,11384.81738,33439.53516,30012.24219,12,bot,56.89,0.43,63.2204
5368.61328,6697.18604,10328.26660,12198.42285,34519.58984,31847.22656,12,bot,57.59,0.48,67.6978
5921.01074,7003.52246,10739.95703,12668.46387,36335.77734,32742.07422,12,bot,57.85,0.49,68.4882
6021.92920,6636.56836,9801.30371,11567.92578,33468.69922,31112.74414,12,bot,58.42,0.5,69.1319
4635.62402,5993.58643,9293.89648,11128.08789,33690.94531,31366.14063,12,bot,60.25,0.49,67.4383
5535.92578,6315.07764,9577.96191,11248.90137,32800.95313,29687.84375,12,bot,61.26,0.5,67.9156
6187.91406,7655.16406,10843.90820,12692.06055,34732.78906,31917.00391,12,bot,57.32,0.42,61.9756
5651.45117,7097.69678,10060.66895,11710.44824,33857.87891,31192.31250,12,bot,59.68,0.49,67.6875
5225.20215,6053.12207,9222.87988,10856.25684,33791.50781,31500.79492,12,bot,59.22,0.42,61.0026
5342.05566,6303.17041,9773.51465,11567.92578,35107.89063,31814.17578,12,bot,59.22,0.5,68.7890
4768.41211,7164.80957,10944.77246,12903.48438,35094.81641,32702.90234,12,bot,59.46,0.48,66.8621
5484.13867,6709.09326,10520.73145,12423.06055,35002.29688,32669.84961,12,bot,62.95,0.47,64.3269
5226.53027,6979.70850,10417.80957,12307.91016,33272.59766,30924.22656,12,bot,57.99,0.5,69.3163
6023.25732,7564.23731,10974.62012,13009.19727,35538.30469,33248.86719,12,bot,58.23,0.47,66.4821
5261.05518,7339.08545,10744.07324,12779.83887,35279.85547,33250.09375,12,bot,61.14,0.48,66.1117
5873.20703,6679.86670,10006.11914,11702.89746,34812.23438,30761.41602,12,bot,57.97,0.44,63.6945
5251.75977,6985.12061,10934.48047,13009.19727,36369.96875,32879.17578,12,bot,55.92,0.45,65.6635
5814.78027,6736.15479,10084.34082,11826.54297,35352.26172,32704.12500,12,bot,58.21,0.5,69.2219
5720.50098,6408.16895,9893.93457,11645.32227,34475.34375,31471.41602,12,bot,57.85,0.48,67.5816
5320.80957,6714.50537,10066.84375,11873.73535,34798.15234,32131.22852,12,bot,60.31,0.55,72.6070
5895.78076,6352.96338,9794.09961,11384.81738,33439.53516,30012.24219,12,bot,60.00,0.52,70.2146
5368.61328,6697.18604,10328.26660,12198.42285,34519.58984,31847.22656,12,bot,57.66,0.47,66.7424
5921.01074,7003.52246,10739.95703,12668.46387,36335.77734,32742.07422,12,bot,57.40,0.5,69.5694
6021.92920,6636.56836,9801.30371,11567.92578,33468.69922,31112.74414,12,bot,57.59,0.46,65.8309
4635.62402,5993.58643,9293.89648,11128.08789,33690.94531,31366.14063,12,bot,57.93,0.5,69.3420
5535.92578,6315.07764,9577.96191,11248.90137,32800.95313,29687.84375,12,bot,58.09,0.52,71.0009
6187.91406,7655.16406,10843.90820,12692.06055,34732.78906,31917.00391,12,bot,57.69,0.5,69.4449
5651.45117,7097.69678,10060.66895,11710.44824,33857.87891,31192.31250,12,bot,60.00,0.42,60.6026
5225.20215,6053.12207,9222.87988,10856.25684,33791.50781,31500.79492,12,bot,61.38,0.5,67.8642
5342.05566,6303.17041,9773.51465,11567.92578,35107.89063,31814.17578,12,bot,60.00,0.43,61.6654
4768.41211,7164.80957,10944.77246,12903.48438,35094.81641,32702.90234,12,bot,57.13,0.43,63.1006
5484.13867,6709.09326,10520.73145,12423.06055,35002.29688,32669.84961,12,bot,60.93,0.47,65.2494
5226.53027,6979.70850,10417.80957,12307.91016,33272.59766,30924.22656,12,bot,58.45,0.51,69.9944
6023.25732,7564.23731,10974.62012,13009.19727,35538.30469,33248.86719,12,bot,59.64,0.5,68.6091
5261.05518,7339.08545,10744.07324,12779.83887,35279.85547,33250.09375,12,bot,60.93,0.55,72.3666
5873.20703,6679.86670,10006.11914,11702.89746,34812.23438,30761.41602,12,bot,57.62,0.44,63.8654
5251.75977,6985.12061,10934.48047,13009.19727,36369.96875,32879.17578,12,bot,61.07,0.5,67.9969
5814.78027,6736.15479,10084.34082,11826.54297,35352.26172,32704.12500,12,bot,56.41,0.53,72.5196
5720.50098,6408.16895,9893.93457,11645.32227,34475.34375,31471.41602,12,bot,59.64,0.48,66.7817
6013.96191,6673.37207,9864.08691,11650.04102,32665.19141,30845.88086,14,bot,61.81,0.53,70.3394
6287.50537,7770.98731,10939.62598,13204.57520,35455.84375,34017.62891,14,bot,58.80,0.45,64.2889
5724.48486,6972.13135,10162.56152,12096.48633,35544.33984,33851.14453,14,bot,58.34,0.44,63.5138
5229.18604,6310.74756,9506.94531,11333.84863,32834.14063,31011.14063,14,bot,59.79,0.45,63.8162
5292.92432,6816.25684,10415.75098,12540.09961,35468.91406,33711.59375,14,bot,60.88,0.5,68.0782
5356.66211,7267.64307,10988.00000,13307.45605,36306.61328,33870.73047,14,bot,58.31,0.5,69.1790
4946.34766,6833.57617,10305.62402,12472.14160,34024.81641,31997.79688,14,bot,57.40,0.53,72.1186
5417.74463,7746.09082,11042.54883,13725.58496,35690.15625,34431.38672,14,bot,59.54,0.5,68.6519
5396.49854,7526.35156,11253.53906,13724.64160,36557.01953,34805.97266,14,bot,59.78,0.5,68.5491
4889.24902,6626.82617,9794.09961,11952.07617,33721.11328,32559.67773,14,bot,60.00,0.45,63.7159
5051.25000,6835.74121,10065.81445,12283.37012,33981.57422,32010.03906,14,bot,59.26,0.48,66.9515
5522.64697,8133.61182,11332.79004,13783.16016,35684.12109,34377.52344,14,bot,57.90,0.42,61.6787
5351.35059,6829.24658,9949.51270,11751.03418,32947.77734,30586.36328,14,bot,56.88,0.43,63.2254
5186.69385,6252.29492,9642.80371,11397.08691,34323.49219,31688.08984,14,bot,58.15,0.47,66.5186
4899.87207,6387.60254,9633.54004,11603.79199,33732.17578,31890.07227,14,bot,59.47,0.42,60.8745
4946.34766,6374.61279,10172.85352,12224.85059,36143.69922,33734.85156,14,bot,60.52,0.48,66.3886
4741.85449,6690.69141,9926.86914,12027.58398,32830.11719,30773.65625,14,bot,56.97,0.51,70.6168
4721.93652,7194.03565,10437.36426,12678.84668,32355.45508,30706.32813,14,bot,60.00,0.5,68.4549
5857.27246,7511.19678,10738.92773,12795.88477,33592.39063,31098.05469,14,bot,59.17,0.44,63.1084
4907.83936,7252.48877,10955.06445,13247.04883,35071.68750,33141.14453,14,bot,57.90,0.44,63.7287
4967.59375,7000.27539,10387.96191,12483.46777,33999.67578,32562.12500,15,bot,59.14,0.41,59.9654
5209.26758,7322.84863,10397.22461,12715.65723,33414.39453,32013.71094,15,bot,56.65,0.5,69.8914
4966.26611,6647.39307,10082.28223,12117.25098,33333.94141,31580.36523,15,bot,59.38,0.48,66.8979
5037.97119,7110.68652,10449.71484,12473.08496,33568.25781,31558.33008,15,bot,60.54,0.52,69.9926
5335.41602,6508.83789,9523.41309,11332.90430,30427.64258,28970.49805,15,bot,59.41,0.48,66.8845
4362.08106,5647.19922,8867.79785,10590.08887,33121.75391,30823.84570,15,bot,61.41,0.5,67.8514
4960.95459,7242.74658,10659.67676,12932.74414,34566.85547,33048.10938,15,bot,59.44,0.48,66.8711
5279.64551,7173.46924,9866.14551,11913.37793,32083.93164,30776.10547,15,bot,59.77,0.5,68.5534
5075.15186,7268.72559,10240.78320,12427.78027,33663.79297,32911.00391,15,bot,61.91,0.43,60.7081
4153.60400,6255.54199,9538.85156,11617.00586,33315.83984,31717.46875,15,bot,60.75,0.5,68.1338
4160.24365,6380.02490,9716.90723,11860.52148,32972.91797,31337.98438,15,bot,61.80,0.53,70.3434
5294.25195,7189.70606,10266.51367,12328.67480,33521.99609,31964.74414,15,bot,58.43,0.47,66.3908
4486.90186,6488.27100,9893.93457,11755.75293,32490.21094,30244.82813,15,bot,59.15,0.45,64.1218
4797.62549,7034.91406,10088.45801,11998.32520,32328.30273,30280.32813,15,bot,60.12,0.5,68.4035
5286.28467,7369.39453,10874.78516,12979.93750,36499.69531,34570.93750,15,bot,58.44,0.41,60.3330
5049.92236,6976.46094,10444.56934,12550.48145,33607.47656,31890.07227,15,bot,59.16,0.48,66.9961
4510.80371,6819.50440,10203.73047,12316.40527,32778.82813,30960.94922,15,bot,58.40,0.44,63.4845
5423.05615,7507.94971,10553.66699,12676.95898,34002.69141,32399.31445,15,bot,58.66,0.5,69.0290
5777.59961,7543.67090,10986.97070,13139.44922,35594.62109,33519.40234,15,bot,58.32,0.43,62.5059
5399.15430,7606.45361,10465.15332,12675.07129,31965.26563,30762.63867,15,bot,60.00,0.5,68.4549
4178.83398,5550.85986,8851.33008,10754.31934,32781.84766,30075.89648,16,bot,60.19,0.5,68.3736
5519.99121,6960.22412,10309.74121,12235.23340,34363.71875,31166.60547,16,bot,59.66,0.5,68.6005
6134.79932,7343.41553,10545.43359,12430.61133,32867.32422,30084.46680,16,bot,56.03,0.53,72.6737
5328.77686,6761.05127,10295.33203,12087.99121,31971.30078,29567.87891,16,bot,59.30,0.48,66.9336
4817.54346,6041.21484,9224.93848,11091.27734,32704.41211,30772.43164,16,bot,57.92,0.54,72.7297
5442.97412,6545.64160,9698.38184,11422.57129,32308.18945,29988.98242,16,bot,57.32,0.52,71.3184
5202.62842,7230.83936,10384.87402,12224.85059,31943.14258,29674.37891,16,bot,60.00,0.46,64.7060
5010.08594,6997.02783,10590.71875,12575.02246,32540.49219,30194.63867,16,bot,56.97,0.47,67.0576
4868.00293,6631.15625,9875.40820,11698.17773,32791.90234,30785.89844,16,bot,58.22,0.48,67.4162
4544.00049,6122.39941,9539.88086,11381.98535,30964.65430,29004.77344,16,bot,59.38,0.43,61.9757
5230.51367,6532.65234,9794.09961,11614.17480,32722.51367,30235.03516,16,bot,57.36,0.52,71.3019
4314.27734,6448.22022,9646.91992,11544.32910,31481.55273,29553.18945,16,bot,62.29,0.47,64.6284
5266.36670,6518.58008,9727.20020,11508.46191,33922.24219,30925.44922,16,bot,59.39,0.53,71.3145
5166.77539,6726.41260,9533.70606,11230.02441,31668.60352,29562.98242,16,bot,58.71,0.44,63.3331
5007.43018,6511.00293,9405.05273,11209.25977,32001.46875,29969.39648,16,bot,57.82,0.49,68.5014
4392.62256,5964.35986,8703.12109,10466.44336,28896.05469,27118.37500,16,bot,62.53,0.53,70.0497
5080.46338,6868.21484,9780.71973,11662.31152,32308.18945,30451.70703,16,bot,61.46,0.47,65.0074
5274.33398,7358.56982,10499.11816,12505.17676,33767.37109,31898.64063,16,bot,58.65,0.5,69.0333
5328.77686,6624.66113,9747.78418,11426.34668,32668.20898,30326.84570,16,bot,58.65,0.4,59.1236
5298.23535,7081.45996,9522.38379,11497.13574,30882.19141,29651.12109,16,bot,58.97,0.56,73.9263
5401.81006,6999.19287,10047.28809,11872.79199,30168.18750,28191.94531,17,bot,58.91,0.47,66.1716
4101.81690,5729.46631,9068.49609,10696.74414,29507.48242,27221.20313,17,bot,58.37,0.45,64.4941
4439.09815,6334.56201,9339.18262,11079.95117,30851.01758,28872.56641,17,bot,59.43,0.4,58.7033
4150.94824,6511.00293,9153.92188,11114.87402,30034.43750,28480.84180,17,bot,61.88,0.5,67.6503
4648.90283,6611.67188,9050.99902,10829.82813,28486.75781,26954.33984,17,bot,59.42,0.51,69.5871
5251.75977,6426.57080,9243.46387,10831.71582,28883.98633,26935.97852,17,bot,57.83,0.42,61.7146
4860.03565,6910.43115,9782.77832,11795.39551,32217.68164,30275.43164,17,bot,55.65,0.38,58.5357
5164.11963,7126.92334,9747.78418,11531.11523,29846.38281,28116.04883,17,bot,58.88,0.39,57.8688
4773.72363,6219.82080,9752.93066,11663.25488,32625.97266,29966.94922,17,bot,54.88,0.52,72.3271
5365.95752,6829.24658,9498.71191,11367.82715,29906.72266,28304.56641,17,bot,58.00,0.51,70.1835
3976.99634,6194.92432,9570.75781,11509.40625,32094.99414,30306.03516,17,bot,60.00,0.41,59.5132
5149.51318,6552.13623,9864.08691,11874.67969,32956.82813,30859.34570,17,bot,57.38,0.49,68.6940
4627.65674,6810.84473,9842.47266,11617.00586,31307.57813,29185.94727,17,bot,59.65,0.46,64.8694
5214.57910,6915.84326,9916.57715,11789.73242,30765.53906,28795.44727,17,bot,60.23,0.5,68.3564
5976.78174,7216.76758,9748.81348,11775.57422,31696.75977,30138.32813,17,bot,59.14,0.33,50.2140
4346.14648,6840.07129,9673.67969,11563.20605,29740.79102,28417.18750,17,bot,60.69,0.46,64.3839
4684.75586,6890.94678,9913.48926,11712.33594,30719.27930,28572.65234,17,bot,58.13,0.54,72.6464
4743.18213,6708.01074,9681.91406,11640.60254,32171.42188,30263.18945,17,bot,57.86,0.42,61.6992
4311.62158,6816.25684,9989.65234,11979.44727,32711.45117,30592.48438,17,bot,57.70,0.43,62.8158
4844.10107,7484.13525,10710.10938,12819.48145,31305.56641,29689.06836,17,bot,58.33,0.52,70.9020
4498.85254,4779.06543,9339.18262,11034.64551,31924.03516,29477.29297,18,bot,57.67,0.51,70.3223
4083.22656,6174.35742,9202.29492,11189.43848,30096.78711,28742.80859,18,bot,57.43,0.45,64.9428
3842.88062,6002.24609,9378.29297,11330.07324,31064.21289,29275.30859,18,bot,57.93,0.4,59.5111
5118.97217,6459.04492,9610.89746,11410.30078,31676.64844,29236.13672,18,bot,57.65,0.3,46.9849
4741.85449,6325.90186,9345.35742,11152.62793,30392.44531,28889.70508,18,bot,58.01,0.53,71.8718
4646.24707,6192.75928,9301.10059,11161.12305,29730.73438,27890.80664,18,bot,59.37,0.47,65.9616
5112.33252,6692.85645,9659.27051,11457.49414,29874.54102,28106.25586,18,bot,57.61,0.44,63.8703
3726.02734,5734.87842,8435.52344,10249.35547,27152.27344,25631.04492,18,bot,57.97,0.47,66.6008
6113.55322,7172.38672,10060.66895,11772.74219,31669.60742,29234.91211,18,bot,59.10,0.45,64.1457
4595.78760,7059.81055,10287.09766,12434.38770,31847.60742,30266.86328,18,bot,57.81,0.5,69.3935
5186.69385,6748.06201,9901.13867,11734.98828,30921.41211,28740.35938,18,bot,57.55,0.44,63.8996
3797.73267,6230.64551,9532.67676,11365.93945,30137.01367,28153.99609,18,bot,58.19,0.43,62.5708
4477.60645,6894.19434,9698.38184,11673.63770,30440.71680,29072.10156,18,bot,58.61,0.53,71.6294
4218.67041,6399.50928,9407.11133,11413.13281,29576.87109,28418.41211,18,bot,58.47,0.34,51.9862
4954.31494,6662.54736,9659.27051,11452.77441,31520.77344,29828.62109,18,bot,58.07,0.45,64.6373
5545.22119,6767.54639,9732.34570,11475.42773,30483.95898,28664.46289,18,bot,58.07,0.49,68.3919
4330.21191,6221.98584,8915.14160,10709.95801,29547.70898,27803.89258,18,bot,59.06,0.5,68.8576
4690.06738,6688.52637,9806.45020,11611.34277,30306.96680,27992.41016,18,bot,59.59,0.48,66.8040
4707.32959,6903.93604,9552.23145,11596.24121,31628.37695,30269.31055,18,bot,58.21,0.47,66.4912
4566.57471,6264.20166,9193.03223,11015.76855,30470.88477,28418.41211,18,bot,57.43,0.41,60.8628
4310.29395,6401.67432,9906.28516,12136.12793,32906.54688,31265.76172,19,bot,60.97,0.53,70.6775
5692.61572,7292.53955,10761.57031,12757.18652,34872.57031,32412.77930,19,bot,60.00,0.46,64.7060
5773.61621,6073.68848,9217.73340,10761.87012,32781.84766,29979.18945,19,bot,57.56,0.48,67.7113
4449.72119,6251.21240,9466.80566,11313.08398,32484.17578,30440.69141,19,bot,56.05,0.34,53.5183
5608.95898,6979.70850,9847.61914,11836.92480,31862.69141,30357.44922,19,bot,60.00,0.36,53.6142
4849.41260,6909.34863,10135.80176,12296.58398,31891.85547,30520.25977,19,bot,63.05,0.41,57.9042
5798.84570,6903.93604,9758.07617,11452.77441,31088.34766,28930.10156,19,bot,58.28,0.42,61.4842
5359.31787,7247.07617,10270.62988,12370.20508,33399.30859,31347.77930,19,bot,60.28,0.56,73.4269
4367.39258,6442.80811,9739.55078,11711.39160,31239.19531,29572.77539,19,bot,57.11,0.3,47.3730
5565.13916,7340.16797,10487.79688,12649.58691,32519.37305,30893.62305,19,bot,58.30,0.59,76.4811
4869.33057,7229.75684,10220.19824,12407.95898,31496.63867,30154.24219,19,bot,63.14,0.5,67.1113
5238.48096,6701.51611,9921.72363,11812.38477,32498.25586,30019.58594,19,bot,57.18,0.46,66.0223
5071.16846,7177.79883,10110.07129,12125.74609,32518.36914,30992.77734,19,bot,58.15,0.5,69.2476
4861.36377,7170.22168,10420.89746,12419.28516,32618.93164,30772.43164,19,bot,57.78,0.35,53.7041
5352.67871,7138.83008,10357.08496,12356.04688,32301.15039,30304.81055,19,bot,59.85,0.3,45.3908
4258.50684,6095.33789,9347.41602,11257.39648,30849.00586,29428.32617,19,bot,57.93,0.49,68.4532
4789.65820,7151.81982,10798.62207,12980.88086,34601.04688,32516.83203,19,bot,57.93,0.36,54.8575
4964.93799,6988.36816,10348.85156,12347.55273,32875.37109,30401.51758,19,bot,59.18,0.35,52.8399
4906.51123,6840.07129,10506.32227,12360.76660,33190.13672,29946.13867,19,bot,58.58,0.44,63.3966
4906.51123,6978.62598,10150.21094,12313.57324,32627.98242,31377.15820,19,bot,61.26,0.37,54.1205
4428.47510,6236.05762,10221.22754,12382.47461,34100.23828,31669.72656,20,bot,57.44,0.44,63.9533
4792.31397,6236.05762,10048.31738,12022.86523,33388.24609,31090.70898,20,bot,57.97,0.35,53.5871
4958.29883,6742.64941,10018.47070,11921.87207,33354.05469,31368.58789,20,bot,64.19,0.4,56.1235
4840.11768,6578.11572,10279.89355,12155.94922,33737.20313,31306.15820,20,bot,57.03,0.38,57.7561
4976.88916,6743.73193,10556.75488,12440.99414,33677.87109,30752.84570,20,bot,58.45,0.52,70.8525
4536.03320,6455.79736,10011.26563,12208.80469,33732.17578,32105.52148,20,bot,60.47,0.5,68.2537
5998.02783,7121.51074,10533.08203,12556.14453,33783.46484,31506.91602,20,bot,61.20,0.44,62.1159
4069.94800,5768.43457,9204.35352,11168.67383,32917.60547,30783.44922,20,bot,60.16,0.5,68.3864
4297.01514,5746.78565,9632.51074,11474.48340,32946.76953,29958.37891,20,bot,59.19,0.4,58.8327
5185.36572,6534.81690,9856.88184,11790.67578,31305.56641,29326.72266,20,bot,58.59,0.47,66.3177
5226.53027,6881.20459,10261.36719,12273.93164,32496.24414,30564.32813,20,bot,59.55,0.38,56.3269
4392.62256,6053.12207,9251.69824,11032.75781,30110.86719,28343.73828,20,bot,57.48,0.35,53.8888
5037.97119,6654.97022,10038.02539,12004.93164,32661.16992,30323.17383,20,bot,56.62,0.46,66.2837
4869.33057,6555.38379,9507.97461,11189.43848,29755.87500,27639.85742,20,bot,59.16,0.49,67.9149
5008.75830,6389.76709,9568.69922,11480.14648,31690.72656,29716.00000,20,bot,56.24,0.43,63.5451
5184.03809,6420.07617,9935.10352,11634.93945,32366.51758,29635.20703,20,bot,58.98,0.38,56.6509
4607.73877,7060.89307,10678.20313,12791.16602,34204.82813,32521.72852,20,bot,62.54,0.39,55.8366
5756.35352,7327.17871,10666.88184,12604.28125,34902.74219,32504.58984,20,bot,57.37,0.42,61.9500
4601.09912,6464.45703,9787.92383,11570.75684,32442.94531,30031.82813,20,bot,56.14,0.37,57.1085
5554.51611,7590.21631,11311.17578,13285.74707,33875.98047,31715.01953,20,bot,60.75,0.43,61.2897
5466.87598,6856.30811,10186.23340,12176.71387,33018.17188,31176.39844,21,bot,60.00,0.44,62.7028
5072.49609,7229.75684,10346.79297,12527.82910,32105.05078,30725.91602,21,bot,56.87,0.39,58.9781
5428.36768,6790.27783,10511.46875,12435.33105,34460.25781,31745.62305,21,bot,58.05,0.35,53.5378
5020.70898,6312.91260,9678.82617,11377.26563,30861.07422,28425.75586,21,bot,56.38,0.43,63.4752
4431.13086,6225.23340,9648.97852,11529.22754,31298.52734,29762.51758,21,bot,61.14,0.4,57.7797
5357.99023,7344.49805,10291.21484,12149.34180,30407.53125,28608.15234,21,bot,58.35,0.5,69.1619
4105.80078,6351.88135,9467.83496,11358.38867,32243.82813,30590.03516,21,bot,58.21,0.42,61.5200
5292.92432,7266.56055,10826.41113,12972.38672,34591.99609,32328.31445,21,bot,57.25,0.3,47.2725
5170.75928,7047.90381,9926.86914,11821.82324,31353.83789,29708.65430,21,bot,60.26,0.34,50.8438
4814.88770,6523.99268,9887.75879,11802.00195,32674.24219,30822.62305,21,bot,56.82,0.5,69.8184
5575.76221,7118.26367,10247.98730,12356.99121,33158.96094,31435.91602,21,bot,59.39,0.44,63.0009
4092.52173,6385.43750,9471.95215,11375.37793,30708.21680,29007.22266,21,bot,58.25,0.45,64.5514
4740.52637,6400.59180,9829.09277,11702.89746,31770.17188,29556.86133,21,bot,57.66,0.38,57.3996
4022.14429,6163.53272,9235.23047,11184.71875,29781.01758,28338.84180,21,bot,60.31,0.37,54.6782
4694.05078,6713.42334,9815.71289,11862.40918,29791.07227,28703.63672,21,bot,60.93,0.3,44.6003
4423.16357,6520.74512,9460.63086,11482.03418,31115.50000,29549.51758,21,bot,59.02,0.42,61.1051
5311.51416,7192.95313,10044.20117,12064.39453,31823.47070,29963.27539,21,bot,57.92,0.4,59.5165
4828.16650,6921.25586,10021.55762,12027.58398,32170.41602,30466.39844,21,bot,58.34,0.37,55.8296
4755.13330,7057.64551,10051.40527,12238.06445,32025.60547,30952.38086,21,bot,60.00,0.38,56.0707
4393.95020,6523.99268,9846.58984,11987.94238,31565.02148,30046.51758,21,bot,58.77,0.32,49.0764
